hour,traffic,scaled_traffic
0,127.45071229516849,0.2350282211772429
1,131.98872356584803,0.24394579923619417
2,156.95723087910312,0.29301103942633294
3,181.559721188547,0.3413570250779299
4,164.2602375536571,0.30736206858885534
5,170.36158517510316,0.31935173552304397
6,200.3638202513003,0.3783086788351153
7,187.57238360482265,0.3531724180421769
8,165.1018096325248,0.30901582929104343
9,173.40211157177183,0.32532662845858634
10,149.0089653388049,0.2773920217198678
11,137.95176668116446,0.2556636860544355
12,136.64594624701724,0.2530976378544852
13,92.37790292319886,0.16610716817280138
14,84.12623251230453,0.1498919340940923
15,92.17131029751816,0.1657011960947207
16,78.40586474767039,0.13865092497703144
17,94.23202424168076,0.16975067423792672
18,75.08433292294384,0.13212383247867932
19,70.08777550386084,0.12230517224339243
20,119.08864347772897,0.21859604484140202
21,102.47121986897102,0.18594139430599935
22,118.00447922521364,0.2164655698879799
23,108.42697664603568,0.1976449628499464
24,135.28920360616314,0.25043152318793604
25,158.74272449377412,0.2965196862173761
26,152.52225956814533,0.2842959436507437
27,186.39253531136097,0.35085391581133313
28,180.27245195397305,0.33882743156273337
29,190.4443468726925,0.35881607009503647
30,188.0034668536316,0.35401953328536684
31,223.57733175818677,0.42392520302105585
32,191.02502427747908,0.3599571505761958
33,167.80617503423989,0.31433013728440157
34,186.00535785513205,0.3500930791843076
35,143.60607229423275,0.2667748774257501
36,152.38079129052605,0.28401794645477235
37,107.140990083676,0.19511788989472925
38,104.74213405327744,0.19040393379649728
39,117.4089457755068,0.21529529601519554
40,117.69184242614462,0.2158512119912043
41,104.25325404704812,0.1894432430099454
42,98.2652757641764,0.17767635646697352
43,97.16617439535922,0.17551652880976729
44,84.43701387070203,0.15050264589216186
45,103.65836411154928,0.18827423369730412
46,117.75534322235696,0.2159759964558635
47,152.39287533515636,0.28404169263009693
48,154.40211170898158,0.2879900129699421
49,135.47312471335707,0.2507929438042063
50,178.52844371450618,0.33540030706187884
51,177.89560476233362,0.33415672470429275
52,181.07365264395872,0.3404018590525891
53,204.9683033231657,0.3873568796361528
54,212.49405887451184,0.40214562928411596
55,208.78895490633468,0.39486478490494314
56,176.69376945441553,0.33179501612026835
57,176.11887939840773,0.33066530827161494
58,174.75611470053332,0.32798735975090565
59,171.7120625549615,0.32200553841893925
60,136.26733090636168,0.25235362651268284
61,127.01331478928034,0.2341686978819285
62,100.39653154480445,0.1818644553177055
63,87.91476501505899,0.1573367226384645
64,109.29179927981866,0.19934441286976815
65,111.61593145245256,0.20391153023298245
66,87.624542232057,0.1567664101893465
67,104.571307721132,0.19006824552677576
68,99.02287192840124,0.1791650973555843
69,90.9288269170558,0.16325961059143843
70,115.42093408262622,0.21138868397835153
71,144.14765509005542,0.2678391336756934
72,132.47912158687743,0.24490947305092006
73,168.40736782192823,0.31551153223758915
74,116.66405416964562,0.21383152066416386
75,177.59224848361077,0.333560603819212
76,173.44963144512158,0.3254200090508043
77,171.57575241054104,0.3217376773933508
78,178.05203966672195,0.3344641325946259
79,144.06010581032746,0.26766709189584514
80,164.47745985694448,0.30778892888737996
81,164.07096191510288,0.3069901258631132
82,169.41031347871564,0.31748240574358394
83,126.28863480931102,0.23274464009456916
84,107.87259595660224,0.19655555765072624
85,98.41095626281611,0.17796263103545695
86,106.48912895793843,0.19383692734844404
87,86.21699330246878,0.15400045684487262
88,64.28105876898731,0.11089448005670258
89,73.82537196735949,0.12964986713903082
90,64.78053522153118,0.11187599376138344
91,78.46881219046428,0.13877462205516625
92,57.32527817029059,0.09722577966131364
93,69.82135688305104,0.12178163699728586
94,78.15814697202578,0.13816413848199266
95,73.1095627933,0.12824324123965683
96,111.42529198244186,0.20353690746244824
97,122.8387224896324,0.2259652690061706
98,130.07670184963686,0.24018851396568627
99,135.8755697632401,0.25158378255111696
100,125.17110731655708,0.2305486035368713
101,144.172005905768,0.26788698509935976
102,146.15458819633648,0.2717829278989446
103,136.69350993778554,0.25319110455165683
104,140.4768023811042,0.2606255959336235
105,140.20289847594898,0.26008735146723033
106,151.30123236326318,0.28189652135710774
107,112.82046775324014,0.2062785464976876
108,100.40831138680063,0.1818876037089847
109,81.80442561538158,0.1453293860953912
110,41.43126854103445,0.06599269911469109
111,58.84522683208584,0.10021260803803736
112,51.62142084636038,0.08601721496428238
113,82.12887856768758,0.1459669637381221
114,40.0855194912106,0.06334818778941034
115,48.73005114445152,0.08033542761821484
116,48.2518408058733,0.0793957036359449
117,38.79799046712855,0.06081808376573794
118,83.47515804414107,0.1486125173968375
119,89.3602684465034,0.1601772598067332
120,102.61764184019074,0.18622912593115723
121,89.82314623620633,0.1610868540265846
122,136.37698987728754,0.2525691157159411
123,104.51620682064576,0.18995996757154474
124,142.1880126807905,0.26398826969367545
125,171.17410455795113,0.3209484052069147
126,125.14195512303968,0.2304913169975097
127,129.82280422675984,0.23968958354530215
128,134.87992675010122,0.24962725936090766
129,117.99183795078716,0.21644072870871905
130,92.07512374725418,0.1655121813437565
131,104.49240268021777,0.18991319041130178
132,74.81760692865362,0.1315996932175447
133,85.1851594157298,0.15197281551037056
134,52.54145231290882,0.08782515503544236
135,79.57717710668472,0.14095265337079113
136,37.02371796640837,0.05733148741785059
137,39.37591826636214,0.06195376103815947
138,55.173692223472464,0.09299773030514268
139,26.717282133898934,0.03707846454860312
140,54.12986671630683,0.09094652441673595
141,78.85007627806033,0.13952383840995583
142,46.10058825210186,0.07516830942546238
143,85.69062222985833,0.15296609292464491
144,100.44329743968538,0.18195635427811402
145,121.92914363742209,0.2241778692110744
146,104.4541831819337,0.1898380858469909
147,114.33528642746693,0.2092552940125856
148,150.72521154034777,0.28076459145532057
149,153.18243907460757,0.28559325252254725
150,155.05269869942612,0.2892684717320242
151,155.67840888970304,0.290498045466256
152,136.20129762363598,0.2522238654966625
153,142.87818222128243,0.26534451153269706
154,134.39608709948027,0.2486764733017576
155,444.20762213653865,0.8574824859943575
156,134.9701054936449,0.24980446826076316
157,102.16978082895872,0.18534904095802662
158,66.17021681096853,0.11460683626302387
159,84.58459321152507,0.15079265184701288
160,53.23584952504108,0.08918970460875807
161,75.7454063886078,0.13342289805633642
162,80.70330566642163,0.14316559175654453
163,53.81612569538345,0.0903299966301136
164,86.67810376415746,0.15490657811488262
165,87.47744056162061,0.15647734289742632
166,105.08899959232474,0.19108555407813915
167,134.38920665639358,0.24866295264598
168,116.31917825995684,0.2131538101734094
169,122.75664561805348,0.22580398097370832
170,133.89918636320994,0.24770002109859293
171,146.47711906794484,0.27241672848965104
172,166.6160125332955,0.31199136675873496
173,178.99091915159048,0.3363091106246186
174,180.8259900086397,0.33991518091297923
175,188.46861140306947,0.35493358188086244
176,172.33895379971776,0.32323743302565977
177,187.066722075342,0.35217875013533695
178,151.9903782324226,0.28325075159490803
179,185.74025048356256,0.34957212065446674
180,142.40152239000173,0.2644078344291218
181,108.21974324682176,0.19723773159738162
182,93.93661252908343,0.16917016510088778
183,107.84270946478053,0.19649682815275205
184,90.24638977279912,0.16191856356858134
185,100.22832166413306,0.1815339085976333
186,95.80325842436515,0.17283828302451365
187,90.1798973340372,0.1617879002719032
188,339.4020061728796,0.6515305379657119
189,338.1351560059811,0.6490410696549334
190,365.2938318738896,0.7024101773067007
191,397.6441813540895,0.765981365106073
192,401.6663506359938,0.7738852697899251
193,393.39280396744624,0.7576270470045725
194,427.3848771172473,0.8244243614267426
195,441.5368257321083,0.8522341439353684
196,431.024170759738,0.8315758829194374
197,452.1256297087745,0.8730420442204453
198,197.9021968137626,0.37347137944412034
199,178.64860452309335,0.3356364332692169
200,196.59429305377225,0.3709012373317224
201,192.08360686410205,0.3620373553806769
202,189.91295282121345,0.3577718355941783
203,177.72575782432162,0.333822961027331
204,128.58279684609863,0.23725286359218792
205,122.46866634314596,0.22523807720878367
206,132.39045379488385,0.24473523329935173
207,122.16281650115332,0.22463705625982536
208,114.34055902080418,0.20926565510687417
209,159.47370218901932,0.29795611955080975
210,108.5633576603975,0.19791296314099643
211,118.71621443190747,0.21786419009503058
212,120.92487017861149,0.22220438646118792
213,124.2268960070569,0.22869314801805946
214,119.93588611714844,0.22026094867729834
215,147.92058024927144,0.2752532524627655
216,137.655459147391,0.25508141655260497
217,158.3664479426976,0.29578027079598707
218,166.3867309561474,0.31154080896155445
219,184.8999510593733,0.34792086082694823
220,225.94736114865077,0.42858251232040157
221,167.78418110167647,0.3142869173365524
222,207.32296889269023,0.39198399772081444
223,170.62901505174693,0.31987725797286143
224,182.20305431591373,0.3426212293821962
225,197.09132399068653,0.3718779453902247
226,170.75136351591183,0.3201176831094477
227,140.91271397918686,0.2614821992937386
228,132.7253888351417,0.24539340913630378
229,139.99216567325792,0.259673243589244
230,106.03605667913754,0.1929466017913749
231,109.10474321999872,0.19897683180499162
232,97.78748954246286,0.17673746591040956
233,81.49832580980294,0.14472787394672953
234,120.8638553956419,0.2220844872239611
235,99.0270995875218,0.17917340506527596
236,63.22119275282261,0.10881175320402928
237,103.40243795767392,0.1877713170410022
238,100.073203028474,0.18122908728728854
239,133.863606615009,0.24763010386767956
240,121.12870109703576,0.22260493154965438
241,143.21666636271473,0.2660096616552722
242,163.53503991569872,0.30593699355952586
243,178.25003883053424,0.3348532177893479
244,154.13947931571232,0.28747391798293315
245,171.0433441299148,0.3206914498459684
246,169.5514483512751,0.31775974777026
247,164.0737010407352,0.3069955084779157
248,194.2543517787238,0.3663030537378588
249,164.78899900684135,0.3084011298101883
250,128.32864349256718,0.23675343063932056
251,147.83061728923713,0.2750764675958561
252,151.83234295518946,0.2829401988358394
253,121.42429082485164,0.22318579050173618
254,69.96754770309693,0.12206891439073009
255,74.02221556457967,0.13003668154713008
256,91.23112906329234,0.16385366001654028
257,55.51131848637741,0.09366119462345761
258,69.981663403504,0.12209665294242786
259,75.5586481339109,0.13305590220395203
260,53.952117504779686,0.09059723210030832
261,73.84340874109039,0.12968531093325764
262,35.420759167972115,0.05418153706345283
263,79.6964723952672,0.14118707875771622
264,103.19496555557608,0.1873636161274457
265,100.2061456774614,0.18149033089797956
266,154.48616955897427,0.28815519379344967
267,117.94225609445787,0.21634329614459544
268,139.80100114685845,0.2592975890382551
269,152.44279440653963,0.2841397878504784
270,172.91440528022974,0.32436824412120746
271,127.18973670841828,0.23451538195593855
272,160.3435443384187,0.2996654333456768
273,134.29563153902487,0.248479069582731
274,108.28581407938572,0.19736756640202738
275,117.13335267471156,0.21475373213572066
276,99.53095095956148,0.1801635158588088
277,73.91786119449189,0.12983161633562146
278,71.2598680453706,0.12460843376210229
279,53.46323101089803,0.08963652856496786
280,52.42072787601367,0.08758792125054826
281,55.11220699822408,0.09287690660883163
282,66.76118620510772,0.11576814137849095
283,25.63960852704451,0.0349607442658686
284,80.76801797129606,0.14329275693875132
285,27.04684403858406,0.03772608171722382
286,64.05603940088177,0.1104522978627486
287,86.90603105347068,0.15535447462129906
288,94.96704065057064,0.17119504398712393
289,94.12346526081808,0.1695373466086857
290,112.213241457887,0.2050852951888497
291,118.1489587426474,0.21674948442626227
292,124.5446849196231,0.22931763025599228
293,151.0613016261168,0.28142503705492705
294,145.3552322894757,0.27021212556480956
295,127.92362624189164,0.23595753729911292
296,146.87915440528542,0.27320676211657385
297,130.15346557567912,0.24033936121533958
298,127.52800699583064,0.23518011183717832
299,112.90839068698196,0.20645132253944856
300,78.31723747071418,0.13847676484095692
301,69.67855735324761,0.12150102377756311
302,77.54221990326516,0.1369537894134961
303,65.48371501292364,0.11325780184981515
304,48.45899344198991,0.0798027761821554
305,45.96675175907903,0.07490530933522932
306,62.13590739975379,0.10667907519268126
307,36.306676047870894,0.05592243907074487
308,58.924428414795415,0.10036824588335708
309,56.21004517731542,0.09503425199080509
310,66.9476187221119,0.11613449712860846
311,99.40276713168154,0.17991162373628364
312,108.92630076077904,0.19862617719789444
313,122.40444510077192,0.22511187700615007
314,142.59062595241983,0.2647794390106231
315,134.45719324822238,0.2487965520804972
316,153.12538262551874,0.28548113174801243
317,144.073667627208,0.2676937420193111
318,156.1578012315646,0.29144009218549516
319,148.52953993173315,0.2764499100246788
320,147.85660792220398,0.27512754139987705
321,148.3217321454211,0.2760415500526203
322,117.72668975149834,0.21591968994893776
323,150.3087025422161,0.2799461158541045
324,91.89322710397803,0.16515473897124486
325,76.84945782346632,0.1355924530142671
326,101.4114323715093,0.18385882174925464
327,86.61122949146149,0.15477516448205295
328,77.21787183423359,0.13631641787531876
329,73.36431997143524,0.12874386075921984
330,63.14067038860678,0.10865351991073063
331,52.66754489837159,0.08807293768877872
332,73.36453019839888,0.12874427387308107
333,407.12830098489167,0.7846184667092707
334,107.38489319367388,0.19559718024737338
335,103.73145119405152,0.18841785602973987
336,107.61754204811214,0.196054355030782
337,129.24190045862048,0.23854805824090466
338,153.43587462172707,0.28609127492477293
339,150.25840505036672,0.2798472770053263
340,155.43923224101076,0.29002804301201524
341,177.52894770171923,0.3334362123997024
342,180.35012658532025,0.33898006881877424
343,168.4567150369621,0.31560850371161336
344,165.07835083727434,0.3089697307634425
345,168.74445997834684,0.3161739469912381
346,134.23896560853206,0.24836771621044704
347,123.82575636906964,0.22790487451653615
348,122.2398488547409,0.22478843138544932
349,117.87539931738836,0.2162119168921596
350,114.66361348397052,0.2099004845995182
351,122.73596649037609,0.2257633447292711
352,106.46322590071718,0.19378602563821065
353,87.11923630330021,0.15577344106816915
354,88.4194509372217,0.15832847339395917
355,76.23439055432293,0.13438379352513566
356,96.82621490401976,0.174848479499161
357,101.52798479246668,0.18408785716804316
358,121.83233455996616,0.22398763114123835
359,117.38973528595244,0.21525754576956294
360,151.24514218765862,0.28178629939214134
361,180.06996934316393,0.33842953601339065
362,168.15576100262663,0.3150171034410405
363,186.78274086766004,0.3516207029125058
364,199.63419217842167,0.3768748976244038
365,188.80144604130425,0.35558763024922113
366,200.3904532642288,0.37836101497038876
367,195.9820450022796,0.3696981178450207
368,192.69262412678088,0.36323412609261346
369,172.0766922107466,0.32272206670062975
370,174.0348367874688,0.32656998731432574
371,169.3887014124799,0.3174399361955425
372,171.0149914823807,0.32063573448245736
373,150.92510433315067,0.2811573977920432
374,156.96266164942676,0.2930217113518511
375,102.94581379414952,0.18687401172839935
376,119.69965327702369,0.21979673105723394
377,104.4328599152739,0.18979618381467575
378,132.8470439982651,0.24563247187738527
379,89.55825554887122,0.16056632129969114
380,94.01901609350192,0.16933209511256173
381,105.46513755580902,0.191824697163124
382,92.80648892210644,0.1669493761075692
383,128.6497166166606,0.2373843666321934
384,137.86084744214904,0.2554850220180064
385,164.17463384094142,0.3071938500136371
386,178.7935238102416,0.33592121199238617
387,211.814401556817,0.40081004485684907
388,205.4838402213385,0.38836995348227327
389,187.1396041556166,0.352321969620962
390,183.55284596684723,0.34527368476243986
391,202.1985406921893,0.38191406052592175
392,169.47853419744564,0.3176164652573721
393,208.2289465239911,0.3937643208105761
394,187.47876504029995,0.3529884496015756
395,150.04125086655597,0.27942055056736614
396,117.75792653767772,0.2159810728901537
397,150.10628505171906,0.27954834827171277
398,115.2734584761054,0.21109888187022596
399,124.42510905587112,0.22908265351499907
400,73.18749706199,0.1283963887051558
401,82.28170567958387,0.14626728200940198
402,88.78334955153477,0.15904356511698944
403,90.22302315922263,0.16187264618580885
404,86.84734948049804,0.1552391603401322
405,109.94837222134494,0.20063463453477054
406,93.98569355926108,0.1692666134990332
407,118.94141431774683,0.21830672702168274
408,134.82094664920467,0.24951135844698355
409,152.65429549559937,0.28455540547651414
410,166.63445390232488,0.31202760561713
411,148.39407954041437,0.276183718836198
412,149.13221286051464,0.2776342135809855
413,195.22601499600677,0.3682124545899716
414,181.66033819838336,0.3415547460587197
415,162.64634148099267,0.3041906255604944
416,191.03981780734497,0.3599862211204227
417,160.4493928568197,0.2998734346856832
418,164.93136056855,0.30868088238536
419,135.07546530456756,0.25001150924901494
420,150.9112188732295,0.2811301116824798
421,132.26742455323296,0.2444934703771122
422,89.02363496522136,0.15951574638873334
423,95.85929092188914,0.17294839164714676
424,81.90810106927007,0.1455331171788333
425,86.65583383364454,0.15486281580759187
426,48.850520072609015,0.08057215930671101
427,74.22990923244765,0.13044481726674131
428,83.73244188119448,0.14911810201604156
429,48.355196785670834,0.07959880692563019
430,66.2908915790212,0.11484397244441868
431,64.4738043488803,0.1112732415122589
432,102.94238530980468,0.18686727446510376
433,129.68602724387384,0.23942080514242894
434,152.53535578143976,0.284321678823568
435,140.50579847016368,0.2606825757144502
436,170.83090163088238,0.3202739822692789
437,129.780163874025,0.23960579162604642
438,125.74456935391063,0.23167550520743055
439,147.8944534926605,0.27520191116420795
440,148.65706979018375,0.27670051704166176
441,133.65171440232,0.24721371765045116
442,91.99681234450722,0.16535829277776415
443,108.86499996807107,0.19850571592720945
444,76.97801301838636,0.13584507490460707
445,92.96620258432483,0.16726322703586363
446,75.7118104619728,0.1333568792035041
447,45.14473816891442,0.07328998272659487
448,43.00996393719477,0.06909496982025912
449,29.292044052074004,0.04213809067533664
450,42.030747503829886,0.06717072625622064
451,58.53397581696589,0.09960097332456863
452,33.98662665641869,0.051363344719751916
453,63.88885876418944,0.11012377369462203
454,58.37895155082853,0.09929633745835921
455,66.18818047226645,0.1146421363851024
456,89.14670723522633,0.15975759386534774
457,87.93532322183664,0.15737712126305062
458,107.03033563303802,0.1949004444891812
459,107.57580437369738,0.19597233695118896
460,162.85603326753255,0.30460268775321575
461,138.84622345037724,0.257421369670461
462,129.5041173801112,0.23906333679053712
463,141.5269688318149,0.2626892623153296
464,131.70023552842406,0.24337889570965957
465,122.22942876953196,0.22476795503189065
466,124.5475757138974,0.22932331091257419
467,114.82657370883778,0.2102207152995051
468,82.79464542038778,0.1472752522204306
469,69.44399934653238,0.12104009734757609
470,62.20704036914134,0.10681885752666904
471,21.79934356038773,0.027414297030604315
472,26.0446514184737,0.03575668799233763
473,64.70995502111509,0.11173729766543197
474,67.64544966544665,0.11750579427574123
475,41.44470628706256,0.06601910542838103
476,59.366322143081085,0.1012366046380409
477,63.91168728197705,0.11016863367340976
478,116.39604889734838,0.2133048675129558
479,99.71473802339258,0.1805246730684721
480,94.62629165374663,0.17052544323110105
481,95.86869395175552,0.17296686940046702
482,98.9117490412415,0.1789467314324352
483,137.19409016173898,0.2541747872610221
484,131.55082687682986,0.2430852950035788
485,127.39386333214456,0.2349165081304702
486,141.59671268060012,0.2628263149092031
487,134.25846569303258,0.248406035534776
488,171.70879297340196,0.32199911341312987
489,152.6189731181094,0.2844859940009346
490,129.88041038025094,0.2398027845357342
491,141.12205549028437,0.26189357316542833
492,108.1440124411883,0.19708891412417104
493,82.14302399535809,0.14599476070642053
494,106.88663042805292,0.1946180515407079
495,82.8199397372871,0.1473249577041642
496,52.2973822635543,0.08734553663276592
497,61.0840571612169,0.10461210002470758
498,50.19009818053914,0.08320454420639424
499,45.384364506193954,0.0737608688571511
500,86.12012503846726,0.15381010246844126
501,109.92697626462552,0.20059258966030666
502,71.77958358512072,0.12562971899427355
503,114.3818504669424,0.2093467963099566
504,110.24036146317266,0.2012084182257006
505,126.75580732694448,0.23366267382002737
506,138.35599394400924,0.2564580270013752
507,145.7544117972293,0.2709965472437344
508,168.5003625936797,0.31569427487234775
509,161.40938778317508,0.3017599063538528
510,516.732480405387,0.9999999999999999
511,175.3072910257922,0.329070468102024
512,168.5597047185533,0.3158108871941733
513,151.65025598735866,0.28258238245939266
514,147.30866077246674,0.27405077865326755
515,156.26858137210405,0.2916577845823883
516,140.53026998789286,0.26073066432784364
517,106.41377792108754,0.19368885615318673
518,111.48998458143922,0.20366403392093077
519,111.87643008670992,0.20442343220207834
520,68.55725233586617,0.11929756406273181
521,97.66871713845052,0.17650406803613086
522,78.76533767157424,0.1393573198420473
523,99.83131105278756,0.18075374898459307
524,85.65502459576797,0.15289614054643777
525,78.78463286630067,0.13939523654054634
526,92.578419586647,0.1665012004683958
527,130.5194736391583,0.2410585981853686
528,147.35078199986356,0.27413355044708765
529,143.51413627155938,0.2665942153229659
530,179.36605011114034,0.3370462748612368
531,155.83426410214068,0.2908043142126091
532,188.29083532304497,0.3545842367655526
533,176.65451012315475,0.33171786819573096
534,187.2515244200401,0.35254190245824335
535,196.5041390602988,0.3707240770678597
536,178.32128216928896,0.334993217008528
537,177.903505805131,0.33417225092529357
538,188.7615763118017,0.3555092828402305
539,153.26534900095135,0.28575617757846533
540,161.78321904643195,0.3024945165767292
541,119.590439122008,0.2195821159550663
542,132.61198745548367,0.24517056578163274
543,136.07955654733857,0.25198463392888804
544,69.54017622430402,0.1212290930912703
545,89.72930099714158,0.16090244015123178
546,108.6560819077081,0.19809517417222333
547,98.63704903855368,0.17840692256669036
548,112.18203182678336,0.20502396560966685
549,105.39624943673223,0.19168932615089873
550,125.9637715988473,0.23210625625967007
551,134.2008834109904,0.24829288145377107
552,166.76456829035118,0.3122832914545174
553,165.7350396933161,0.3102601802103252
554,178.73122410471245,0.3357987877730601
555,177.49368447674183,0.33336691716384037
556,183.9133892874605,0.3459821830480161
557,189.3047861732584,0.35657673641251014
558,202.94584817274705,0.3833825832761779
559,188.50498590728787,0.35500506087493616
560,193.62865515620135,0.3650735066654183
561,211.8880770158572,0.4009548233992174
562,182.85403378095577,0.3439004593902384
563,152.18853266560865,0.28364014190715364
564,161.47315330650127,0.3018852110298031
565,123.67706884391502,0.22761269088523373
566,86.41968812722722,0.15439876941267242
567,90.73656971250796,0.16288180883496672
568,69.04203312851749,0.12025019954600619
569,85.99962876327076,0.15357331704068786
570,88.98096974360527,0.15943190560001114
571,114.6648739368807,0.2099029614966755
572,98.50224215914888,0.17814201558469514
573,97.31911530399974,0.17581707070132685
574,122.44108371775256,0.22518387500426168
575,87.91007695794687,0.15732751020756724
576,136.55073054515498,0.2529105309031912
577,156.50069089302295,0.29211389952956646
578,133.78143704429354,0.24746863367353086
579,182.42002156608595,0.3430475884796598
580,177.22137153396534,0.33283179907381666
581,169.8315439590171,0.31831015945877805
582,186.16735601028375,0.3504114193354891
583,207.9340323964068,0.3931847894704023
584,170.50053200038525,0.31962477785074866
585,162.43758213693215,0.3037803956965398
586,140.3514893144894,0.26037934510111366
587,121.3150225414438,0.22297106903267488
588,132.45503724816314,0.24486214527721653
589,93.0960545279516,0.1675183971476877
590,93.83159075069818,0.16896378837531828
591,74.12086495609736,0.13023053599059764
592,79.41215921168893,0.14062837917401763
593,71.13129204996348,0.12435577099703635
594,78.88747114517903,0.1395973225039002
595,56.28889134964968,0.09518919142451324
596,63.80795054905025,0.10996478217144623
597,60.05483334528221,0.10258958770129617
598,77.3753703678658,0.13662591588756703
599,348.7217944109542,0.6698447144074732
600,366.3383170761536,0.7044626795520762
601,353.0904135442703,0.6784294225114134
602,391.0440888015845,0.75301162196913
603,407.7289446459415,0.7857987825819159
604,400.6031919956683,0.7717960726507713
605,426.6336229356192,0.8229480830732561
606,387.68846795768445,0.7464175416491747
607,378.05784842643845,0.7274925552832668
608,364.2152843225306,0.7002907396486946
609,156.58280029606897,0.2922752514891281
610,132.82392869041604,0.2455870483317382
611,109.3680304971065,0.19949421369443454
612,100.74458492075692,0.1825484097998796
613,66.03877864239834,0.11434854908429354
614,106.89911646477226,0.19464258766467285
615,61.181252693452976,0.10480309751105071
616,52.35888961631842,0.08746640381152711
617,56.06674623888902,0.0947526573906685
618,50.18607243897812,0.08319663328187815
619,383.5651013736342,0.7383147756607965
620,36.91540051977229,0.057118634423904885
621,63.4001863884619,0.10916349091966299
622,94.56318327354089,0.17040142989726584
623,98.26257364852654,0.1776710465799339
624,114.64996203413524,0.20987365833967384
625,95.79572291165904,0.1728234751012268
626,100.49100290936728,0.18205009958290774
627,123.65716896103557,0.22757358592309135
628,134.22102995811656,0.2483324711321345
629,154.7301429478656,0.28863462225009595
630,114.61303055427771,0.2098010848411041
631,161.2605249627109,0.3014673782523599
632,131.0150377951019,0.2420324238945286
633,119.1407567133188,0.21869845178104086
634,100.15350958434324,0.18138689649883383
635,78.64110798014141,0.13911319793390012
636,103.09972139397416,0.1871764532503431
637,79.18104246402906,0.1401742151107188
638,46.98340233030057,0.07690311416355182
639,36.901979450467536,0.05709226088139452
640,43.73574686209992,0.07052119498821172
641,69.24216388878806,0.12064347350903953
642,39.07706369247332,0.06136648638590213
643,22.633102583636717,0.02905270441408013
644,47.03182173595526,0.07699826241324514
645,55.15208141760864,0.09295526323383929
646,29.75953712639645,0.04305675432194879
647,82.10669135410701,0.14592336397663763
648,93.08103757282824,0.16748888755382982
649,120.64489603296344,0.2216542134560136
650,150.74278526928427,0.28079912532714907
651,151.04061106694672,0.28138437834663454
652,138.86275769777166,0.2574538608726619
653,132.12978034498477,0.24422298780265353
654,189.89570299298592,0.35773793821478733
655,151.36996225746577,0.2820315814439998
656,146.6106078260081,0.2726790452511172
657,139.032500457217,0.25778741982988085
658,132.9712714115184,0.2458765893087159
659,116.75748722807523,0.21401512456951685
660,98.37855772327082,0.17789896515008158
661,86.8594028966752,0.15526284632794174
662,83.54847021576845,0.14875658204854572
663,66.58491751501205,0.11542175841257957
664,57.16338783829326,0.09690765139179977
665,65.53559074784958,0.11335974208045241
666,59.49971371999766,0.10149873043028955
667,88.68625529939911,0.1588527666546565
668,32.46291469959806,0.04836912114827306
669,97.65832943641016,0.17648365531825233
670,111.44937507987066,0.20358423279692026
671,74.83645843046108,0.13163673802172637
672,114.8596860887944,0.21028578394199363
673,128.49107509347897,0.2370726225482808
674,126.12922738682455,0.23243139095339055
675,147.0470230285642,0.2735366382368491
676,151.11390049251972,0.2815283983004116
677,200.15769618069484,0.37790362750760337
678,190.71080391590127,0.3593396808444244
679,195.1341890924415,0.36803200888059934
680,182.96900638219748,0.3441263903289379
681,148.32793434972436,0.2760537379115111
682,148.09242673679665,0.2755909454245622
683,152.27833140313692,0.2838166040628732
684,114.6845950401484,0.20994171514167737
685,131.77208304565204,0.2435200821909189
686,106.39511902762806,0.19365218984078822
687,94.98331112288842,0.17122701684886787
688,104.26273107573934,0.18946186617724928
689,96.18226392504258,0.17358306106393812
690,83.29020156847582,0.14824906219347342
691,108.66227807435376,0.19810735016660352
692,80.88796202990697,0.1435284572139536
693,115.096898480432,0.21075192646408172
694,125.88807502442104,0.23195750605369267
695,125.15500284952726,0.23051695688963528
696,148.34693980767122,0.2760910852525991
697,138.312182002347,0.25637193281024534
698,183.64756851758287,0.3454598226298325
699,177.98353298953094,0.33432951114814397
700,181.4411869949689,0.3411240953074119
701,210.55489150714527,0.398335000500624
702,186.4639106789312,0.3509941744783634
703,174.6662395450996,0.3278107474275033
704,167.87804504568987,0.31447136796872
705,192.76198823876328,0.3633704324713766
706,154.46074388613994,0.2881052301841333
707,188.24063977356445,0.35448559824219844
708,118.018896247198,0.2164939005622014
709,161.98288746622327,0.3028868820014034
710,370.8301867947941,0.7132895855373974
711,356.00533055941446,0.6841574823304496
712,341.44105742407936,0.6555374470750525
713,350.66977154447954,0.6736726551306489
714,342.4354794636273,0.6574915709483241
715,361.2322580594466,0.6944288393654523
716,351.3282584561441,0.6749666379097369
717,359.7105536593974,0.6914385608137518
718,362.2107416035456,0.6963516427397586
719,378.6818575860565,0.7287187863475985
720,153.86486389883592,0.286934275335501
721,136.2662011539481,0.2523514064531161
722,153.44440284199715,0.2861080336028427
723,194.82080037891924,0.3674161734079804
724,193.79046422046684,0.36539147523692816
725,193.0334089452625,0.36390379724123983
726,197.30557503305343,0.3722989669083648
727,200.03347870001664,0.3776595295946274
728,181.1856370981149,0.3406219180281538
729,169.0824941551423,0.31683821289503683
730,172.72484205594478,0.32399573626504813
731,142.4032939839012,0.2644113157617904
732,149.57873580975817,0.27851166914852005
733,104.2594453756712,0.18945540949719977
734,132.42889071477884,0.24481076511561753
735,112.94682661246496,0.20652685240161026
736,100.94435795861448,0.18294098080795065
737,106.01269578307276,0.19290069564399911
738,113.68681072270064,0.20798098410640486
739,104.73386522802366,0.19038768485169347
740,65.98521808271164,0.11424329802972405
741,81.41196873509779,0.14455817495113613
742,100.62772133456468,0.1823187629149431
743,121.46847234622724,0.22327261094843182
744,140.781397480563,0.2612241512067996
745,134.05155578741596,0.24799943997463977
746,158.7617321981482,0.2965570379728847
747,153.93296693268198,0.2870681035884843
748,162.97115837667027,0.30482891838290016
749,154.96094621480566,0.289088170297122
750,162.82712932702594,0.30454588905213176
751,153.59837044509612,0.28641059303632316
752,153.1344393798473,0.2854989290404536
753,174.518900291544,0.3275212132645499
754,133.00091947511422,0.24593485027495035
755,173.54841905597846,0.3256141351070275
756,127.39976851321322,0.23492811231344615
757,108.70985377200816,0.1982008404583274
758,79.8827304896895,0.14155309175262745
759,91.7903748487082,0.16495262554309317
760,63.59289443192597,0.10954217861294438
761,67.95650769033979,0.11811704974700243
762,101.72564005534258,0.1844762665681799
763,62.498238836601296,0.10739108727871907
764,85.09517447273574,0.15179598744507586
765,64.18864270512924,0.11071287463216781
766,83.51494191155275,0.14869069607951793
767,121.624296549815,0.22357881875975785
768,97.5789819596564,0.17632773077872899
769,146.1096217768868,0.27169456506078576
770,140.61627903183248,0.26089967941338627
771,130.95737512545284,0.24191911184503997
772,155.8877845331461,0.2909094864109073
773,165.0700024916491,0.3089533255543463
774,160.62245537749592,0.300213517256033
775,125.174298177753,0.2305548738504718
776,131.989030418722,0.24394640222818623
777,130.42935609045904,0.24088150953858642
778,121.89194240860483,0.2241047656328594
779,119.51188202402258,0.21942774457703648
780,99.21057053995888,0.17953394108916793
781,62.89094897122147,0.10816279608928187
782,75.9158045356097,0.13375774490583808
783,68.40172114308223,0.11899193204255287
784,59.11482441621087,0.1007423902173971
785,61.39195776372766,0.10521715089248049
786,55.47976628116098,0.09359919185701064
787,51.09454219787369,0.08498185361429367
788,47.72003167957139,0.07835065347776189
789,31.413747028681787,0.04630741745379921
790,72.77708911340379,0.12758990218512925
791,81.19658826364815,0.1441349340088019
792,94.82584519247582,0.1709175829047187
793,84.31272942082312,0.15025841637901147
794,99.11922710712167,0.1793544434758056
795,141.34126556252252,0.2623243395989809
796,132.79182896593684,0.2455239696433789
797,148.53978063139064,0.27647003387037394
798,140.42477564195693,0.26052335896684997
799,138.76361226323797,0.2572590316624845
800,147.45941336342622,0.27434702031448954
801,117.8033018392698,0.21607023921649365
802,116.77688686736212,0.21405324651045915
803,96.52982872755136,0.1742660554577471
804,84.23471922306113,0.15010511970642904
805,73.44369110417247,0.12889983178476241
806,69.66482240092246,0.12147403342822508
807,49.146931706468976,0.08115463337406424
808,67.60885923505488,0.11743389096837453
809,30.787731476155034,0.045077243656778454
810,40.16785930050701,0.06350999251684769
811,38.58428100629556,0.060398126501368
812,72.42263596255091,0.1268933716010396
813,62.19125661149694,0.10678784110064848
814,85.6905048625504,0.1529658622879039
815,60.63770875631919,0.10373498745165581
816,100.55080951399684,0.18216762464695305
817,123.54626249511324,0.22735564528607818
818,124.2427036842364,0.22872421144800065
819,150.12434124971128,0.27958383023626493
820,135.13676130458833,0.2501319611016621
821,169.86788057889297,0.318381564006897
822,185.7787777985268,0.34964783010473083
823,145.03910734065374,0.26959091315713746
824,139.71913062630188,0.2591367065030998
825,161.1951439206329,0.3013388989446788
826,153.69358218596037,0.2865976922039192
827,111.07999299963578,0.20285836559704018
828,100.68068557003691,0.1824228421417198
829,90.835517882374,0.16307625040329687
830,63.873011603494646,0.11009263267621563
831,60.95650988475485,0.10436145877985087
832,52.79396307716994,0.0883213601607079
833,52.42217385590894,0.08759076272400845
834,62.80409867050876,0.1079921278626397
835,69.63958145870646,0.1214244328302832
836,95.48496921770416,0.17221281766613958
837,66.31041604649106,0.11488233968335587
838,107.5229331695558,0.19586844053888836
839,102.72747925320029,0.1864449657882846
840,119.2580443552141,0.21892893197149552
841,144.1849804659145,0.26791248121340305
842,130.40107248415703,0.24082592984696768
843,164.45041953518776,0.3077357923556215
844,170.2693212977028,0.3191704291578405
845,181.260408489463,0.34076885017070513
846,181.01315767730665,0.3402829812986313
847,212.89036476619225,0.40292440406308494
848,162.57782565777944,0.304055986141301
849,157.29875659295598,0.29368216649736945
850,146.61312283462092,0.2726839874569175
851,136.60555619731474,0.2530182679720536
852,123.45570526392883,0.22717769262582213
853,138.91235455967993,0.2575513229240243
854,131.30756371984705,0.24260726221303083
855,92.04442882989063,0.16545186322084415
856,81.11299795612385,0.1439706719460045
857,96.58954759854775,0.17438340811774236
858,80.42134839154745,0.14261152173379577
859,100.76630829022288,0.18259109806823356
860,100.14775725667478,0.18137559268578787
861,83.12170265130926,0.14791794749210851
862,140.20413417484582,0.26008977972064634
863,156.73636453566945,0.292577018279032
864,134.26311411677463,0.24841517008273065
865,151.26336224908636,0.2818221033622792
866,174.07514409035377,0.3266491945922241
867,185.7739168859809,0.34963827799820657
868,199.1601963928468,0.37594345559719067
869,224.97282120108704,0.4266674584486503
870,194.3748576246618,0.3665398579729332
871,183.818700322476,0.3457961111794806
872,170.53769422833074,0.31969780478893406
873,172.70788836944922,0.3239624208293444
874,173.1702795804776,0.3248710588807217
875,188.83709499656624,0.3556576834778949
876,141.4836678799117,0.26260417226253074
877,139.8928612164566,0.2594781018867874
878,124.41858134566267,0.2290698260093236
879,132.28192633919195,0.24452196761975217
880,144.51883011431744,0.2685685241630586
881,93.71969823539378,0.1687439100674158
882,92.65840836222668,0.1666583852146481
883,117.34514298523442,0.21516991810652683
884,116.84321607060797,0.21418358903546664
885,142.15663712351045,0.2639266140554456
886,133.42384756664248,0.24676593994056986
887,131.14666058006756,0.24229107386017576
888,158.10765982583925,0.2952717301390425
889,178.54928075254068,0.33544125361359645
890,185.9744168915441,0.35003227755964056
891,191.2809494351877,0.3604600652749454
892,207.22760299238556,0.39179659561680824
893,213.3325928472376,0.4037934198493749
894,217.76145090263557,0.4124965025579184
895,204.55040143343632,0.38653566688449575
896,186.7752610980028,0.3516060045290504
897,182.9577703326761,0.34410431053611573
898,187.8847977271052,0.3537863383601307
899,144.82485058331724,0.2691698804085961
900,148.98504410713514,0.27734501446537735
901,123.89811725432877,0.22804706980963346
902,117.42272849891684,0.2153223802387778
903,125.03464231537912,0.23028043820458527
904,99.97039796420437,0.1810270665934654
905,91.96887924623286,0.16530340186422687
906,68.3068519410632,0.11880550599291717
907,100.71211774315992,0.18248460903489566
908,103.28059426980214,0.18753188383275798
909,452.0544440857148,0.8729021584175141
910,424.3833264757045,0.8185260591645173
911,443.3643615080248,0.8558254071485206
912,455.7572674291869,0.8801785211751973
913,487.599512181171,0.9427512399744455
914,473.5307977451873,0.9151050197055406
915,488.4490338045367,0.9444206222076008
916,500.2623730672968,0.9676348384642215
917,497.8599995148743,0.9629139701360827
918,488.9791238004316,0.9454622941283393
919,176.7849894228157,0.33197427111551253
920,183.8770144224032,0.3459107033448633
921,143.31654385126083,0.2662059294138378
922,149.23644791979697,0.27783904433661527
923,123.56087585932892,0.22738436178948115
924,137.92569943387286,0.25561246169675117
925,83.0895083448275,0.14785468294207094
926,84.37426948333434,0.15037934783520734
927,86.94390478354256,0.15542889972166887
928,95.71032226400791,0.17265565556612902
929,65.14010655456468,0.11258258200870774
930,54.996379080912575,0.09264929490131897
931,92.15649337407967,0.16567207958013425
932,46.13586607220744,0.07523763334199246
933,41.754199732716,0.06662728636838454
934,90.6399860198067,0.16269201366534028
935,87.53147364999266,0.15658352251104632
936,91.66499556951176,0.16470624459722968
937,129.5482401164242,0.23915004171958562
938,133.6570107065668,0.2472241253386934
939,130.93319730281664,0.24187160036747998
940,127.19710246724964,0.2345298562984256
941,163.5685456714503,0.30600283521890415
942,161.0483236136178,0.30105038455580857
943,147.2400310194192,0.2739159153522612
944,170.59564299680957,0.31981167904695296
945,118.09086412883956,0.2166353235697692
946,100.12556628123352,0.18133198553192725
947,99.82317951254416,0.18073776981650935
948,95.86126528062812,0.17295227142996814
949,86.57120609171523,0.15469651509796528
950,66.59429590267563,0.11544018774187573
951,64.52376591153865,0.11137142023160931
952,31.944876334388887,0.04735113170670155
953,66.83671594150692,0.1159165637335573
954,41.73866628703889,0.0665967618266662
955,60.96627848326895,0.10438065490665181
956,389.91339754711714,0.75078971750022
957,63.17945931872807,0.10872974345702606
958,74.8793250298989,0.13172097453499337
959,84.79690135646078,0.15120985540647688
960,100.39300403255656,0.1818575234561591
961,123.4012460101138,0.22707067556086558
962,118.28289275876728,0.2170126761576744
963,136.17902912635734,0.252180106005799
964,132.03912085947803,0.24404483420395837
965,159.9190284025436,0.2988312234308857
966,129.85411546911095,0.23975111279922726
967,165.33137666446413,0.30946694803116376
968,468.78278701412137,0.905774774848595
969,104.08234623076,0.18910739461695406
970,117.25664143690835,0.21499600503790248
971,93.2481831960042,0.1678173429174192
972,103.36181586937576,0.1876914911829976
973,68.2919132666666,0.11877615022734433
974,59.64006432819541,0.10177453131080108
975,27.98505006723844,0.039569736348485075
976,41.98792256271618,0.0670865716051031
977,7.848651110013002,0.0
978,19.21239161064149,0.02233071645519428
979,56.58646672257258,0.0957739523380894
980,62.50497007700717,0.10740431473854069
981,65.6247983905985,0.11353504268466386
982,55.70819462358232,0.09404807297539407
983,82.20544400974507,0.14611742134288327
984,96.49101743959898,0.17418978797641224
985,92.82633022287308,0.16698836595087804
986,145.5594183716118,0.2706133685801728
987,147.30256998236584,0.27403880973275907
988,139.5816254486494,0.25886649713558485
989,149.13095656102703,0.2776317448456568
990,154.42104806345122,0.28802722451682083
991,119.8556627208844,0.22010330288144916
992,142.6940077095047,0.2649825929548701
993,129.1646130439007,0.23839618189846554
994,114.97569985157644,0.21051376085166015
995,114.70638901364454,0.2099845421529548
996,133.94878572921806,0.24779748807072446
997,104.6749299342857,0.19027187198764636
998,75.47208442226732,0.13288579714920218
999,83.3250308023605,0.1483175045999317
1000,88.84640612724101,0.15916747665057768
1001,77.80864257616241,0.13747733262229908
1002,64.21882753011319,0.11077219038017605
1003,56.42230880507493,0.09545136807023212
1004,82.70081152969735,0.14709086064559837
1005,87.18800743889895,0.1559085821979118
1006,106.18599549282268,0.19324124431104928
1007,115.46488894181336,0.21147505901457148
1008,135.74329072979015,0.2513238430013908
1009,126.03415991000792,0.23224457527691628
1010,167.00281379210602,0.3127514641258415
1011,161.67826741281146,0.30228827769158756
1012,198.9014512638856,0.37543499941511965
1013,163.53582225799724,0.3059385309286728
1014,202.7150850661681,0.38292911414767666
1015,179.02952441946866,0.3363849732589877
1016,162.37265536733184,0.30365280907290865
1017,158.00542340716868,0.29507082688217906
1018,151.15502110807793,0.2816092038068769
1019,151.30020218074773,0.2818944969608583
1020,140.85904449405962,0.26137673419141544
1021,112.471606533987,0.20559300453472878
1022,109.63468111608714,0.20001820483667587
1023,132.73967861530994,0.24542148976953596
1024,119.51147910419814,0.2194269528053172
1025,96.06316929786232,0.1733490299937326
1026,89.27474622828503,0.16000920137513241
1027,93.072800924664,0.16747270183974328
1028,106.306681534862,0.19347840264678656
1029,90.51597589829134,0.16244832323075314
1030,113.13090809354554,0.20688858816620603
1031,104.76943833107248,0.19045758902431784
1032,149.44329131311918,0.27824550919443675
1033,166.78682474366667,0.3123270272779691
1034,162.53936629498915,0.3039804102228374
1035,204.3668664855267,0.3861750051040581
1036,170.89554735771893,0.32040101661997944
1037,172.85412991644478,0.3242497979055585
1038,200.3958433154721,0.3783716068794513
1039,211.4996335297352,0.4001914989157889
1040,216.48639802041615,0.409990915213976
1041,176.7885750255442,0.33198131712979334
1042,189.84739667505315,0.35764301219208455
1043,161.34110000128925,0.30162571505526037
1044,146.6584278663438,0.27277301569698875
1045,149.79094100417365,0.2789286704014569
1046,134.44976796295563,0.24878196076350242
1047,90.81014488270624,0.16302639030123212
1048,128.76294897210175,0.2376068778399045
1049,122.3841001414101,0.2250718974308706
1050,90.61655947735706,0.1626459785172357
1051,107.61978283075936,0.19605875835923975
1052,114.02529652045412,0.2086461374837919
1053,118.36613372482825,0.21717625173478838
1054,116.41034747907258,0.21333296544199393
1055,126.46169142279956,0.23308471105679285
1056,148.86452630058392,0.2771081867266809
1057,179.50966233268707,0.3373284850893464
1058,181.82118649249975,0.34187082663518276
1059,178.11262398728633,0.33458318593662
1060,202.80296330827315,0.3831018023665708
1061,153.0650196811016,0.28536251342897345
1062,214.26055154265416,0.40561693759939155
1063,168.72404643791992,0.31613383264833356
1064,183.84541818170888,0.34584861404495754
1065,163.9620166167844,0.3067760390872191
1066,150.36694109366678,0.2800605595603062
1067,174.49128745880398,0.32746695170002293
1068,136.43942645436226,0.2526918088994938
1069,134.9957576652003,0.24985487695932787
1070,116.28774747170596,0.21309204600162504
1071,113.01347678461678,0.20665782565781318
1072,98.25624030980984,0.17765860103076903
1073,72.02744766106183,0.1261167929818363
1074,103.6486963474691,0.18825523571874078
1075,82.11196550533217,0.1459337281323084
1076,70.24960307278951,0.12262317717813903
1077,94.18389582164308,0.16965609779971622
1078,132.51139685951378,0.24497289670633673
1079,133.83043272476772,0.24756491435225084
